<application>
  <component name="libraryTable">
    <library name="library">
      <CLASSES>
        <root url="file://$USER_HOME$/OneDrive/library" />
      </CLASSES>
      <JAVADOC />
      <SOURCES>
        <root url="file://$USER_HOME$/OneDrive/library" />
      </SOURCES>
      <jarDirectory url="file://$USER_HOME$/OneDrive/library" recursive="false" />
      <jarDirectory url="file://$USER_HOME$/OneDrive/library" recursive="false" type="SOURCES" />
    </library>
  </component>
</application>