<application>
  <component name="LanguageInjectionConfiguration">
    <option name="INSTRUMENTATION" value="ASSERT" />
    <option name="LANGUAGE_ANNOTATION" value="org.intellij.lang.annotations.Language" />
    <option name="PATTERN_ANNOTATION" value="org.intellij.lang.annotations.Pattern" />
    <option name="SUBST_ANNOTATION" value="org.intellij.lang.annotations.Subst" />
    <option name="RESOLVE_REFERENCES" value="true" />
    <injection language="HQL" injector-id="java">
      <display-name>EntityManager.createNamedQuery (javax.persistence)</display-name>
      <place><![CDATA[psiParameter().ofMethod(0, psiMethod().withName("createNamedQuery").withParameters("java.lang.String", "java.lang.Class").definedInClass("javax.persistence.EntityManager"))]]></place>
    </injection>
  </component>
</application>