<application>
  <component name="ProjectJdkTable">
    <jdk version="2">
      <name value="1.8 " />
      <type value="JavaSDK" />
      <version value="java version &quot;1.8.0_111&quot;" />
      <homePath value="C:/Program Files/Java/jdk1.8.0_111" />
      <roots>
        <annotationsPath>
          <root type="composite">
            <root type="simple" url="jar://$APPLICATION_HOME_DIR$/lib/jdkAnnotations.jar!/" />
          </root>
        </annotationsPath>
        <classPath>
          <root type="composite">
            <root type="simple" url="jar://c:/Program Files/Java/jdk1.8.0_111/jre/lib/charsets.jar!/" />
            <root type="simple" url="jar://c:/Program Files/Java/jdk1.8.0_111/jre/lib/deploy.jar!/" />
            <root type="simple" url="jar://c:/Program Files/Java/jdk1.8.0_111/jre/lib/ext/access-bridge-64.jar!/" />
            <root type="simple" url="jar://c:/Program Files/Java/jdk1.8.0_111/jre/lib/ext/cldrdata.jar!/" />
            <root type="simple" url="jar://c:/Program Files/Java/jdk1.8.0_111/jre/lib/ext/dnsns.jar!/" />
            <root type="simple" url="jar://c:/Program Files/Java/jdk1.8.0_111/jre/lib/ext/jaccess.jar!/" />
            <root type="simple" url="jar://c:/Program Files/Java/jdk1.8.0_111/jre/lib/ext/jfxrt.jar!/" />
            <root type="simple" url="jar://c:/Program Files/Java/jdk1.8.0_111/jre/lib/ext/localedata.jar!/" />
            <root type="simple" url="jar://c:/Program Files/Java/jdk1.8.0_111/jre/lib/ext/nashorn.jar!/" />
            <root type="simple" url="jar://c:/Program Files/Java/jdk1.8.0_111/jre/lib/ext/sunec.jar!/" />
            <root type="simple" url="jar://c:/Program Files/Java/jdk1.8.0_111/jre/lib/ext/sunjce_provider.jar!/" />
            <root type="simple" url="jar://c:/Program Files/Java/jdk1.8.0_111/jre/lib/ext/sunmscapi.jar!/" />
            <root type="simple" url="jar://c:/Program Files/Java/jdk1.8.0_111/jre/lib/ext/sunpkcs11.jar!/" />
            <root type="simple" url="jar://c:/Program Files/Java/jdk1.8.0_111/jre/lib/ext/zipfs.jar!/" />
            <root type="simple" url="jar://c:/Program Files/Java/jdk1.8.0_111/jre/lib/javaws.jar!/" />
            <root type="simple" url="jar://c:/Program Files/Java/jdk1.8.0_111/jre/lib/jce.jar!/" />
            <root type="simple" url="jar://c:/Program Files/Java/jdk1.8.0_111/jre/lib/jfr.jar!/" />
            <root type="simple" url="jar://c:/Program Files/Java/jdk1.8.0_111/jre/lib/jfxswt.jar!/" />
            <root type="simple" url="jar://c:/Program Files/Java/jdk1.8.0_111/jre/lib/jsse.jar!/" />
            <root type="simple" url="jar://c:/Program Files/Java/jdk1.8.0_111/jre/lib/management-agent.jar!/" />
            <root type="simple" url="jar://c:/Program Files/Java/jdk1.8.0_111/jre/lib/plugin.jar!/" />
            <root type="simple" url="jar://c:/Program Files/Java/jdk1.8.0_111/jre/lib/resources.jar!/" />
            <root type="simple" url="jar://c:/Program Files/Java/jdk1.8.0_111/jre/lib/rt.jar!/" />
          </root>
        </classPath>
        <javadocPath>
          <root type="composite" />
        </javadocPath>
        <sourcePath>
          <root type="composite">
            <root type="simple" url="jar://C:/Program Files/Java/jdk1.8.0_111/src.zip!/" />
            <root type="simple" url="jar://C:/Program Files/Java/jdk1.8.0_111/javafx-src.zip!/" />
          </root>
        </sourcePath>
      </roots>
      <additional />
    </jdk>
    <jdk version="2">
      <name value="Android API 24 Platform" />
      <type value="Android SDK" />
      <version value="java version &quot;1.8.0_111&quot;" />
      <homePath value="$USER_HOME$/AppData/Local/Android/sdk" />
      <roots>
        <annotationsPath>
          <root type="composite">
            <root type="simple" url="jar://$APPLICATION_HOME_DIR$/plugins/android/lib/androidAnnotations.jar!/" />
          </root>
        </annotationsPath>
        <classPath>
          <root type="composite">
            <root type="simple" url="jar://$USER_HOME$/AppData/Local/Android/sdk/platforms/android-24/android.jar!/" />
            <root type="simple" url="file://$USER_HOME$/AppData/Local/Android/sdk/platforms/android-24/data/res" />
          </root>
        </classPath>
        <javadocPath>
          <root type="composite">
            <root type="simple" url="file://$USER_HOME$/AppData/Local/Android/sdk/docs/reference" />
          </root>
        </javadocPath>
        <sourcePath>
          <root type="composite">
            <root type="simple" url="file://$USER_HOME$/AppData/Local/Android/sdk/sources/android-24" />
          </root>
        </sourcePath>
      </roots>
      <additional jdk="1.8 " sdk="android-24" />
    </jdk>
  </component>
</application>